name,category,prep_time,cook_time,temp_range,ingredients,instructions,servings,photo
"Куриные бёдра, ножки и крылья горячего копчения",Горячее копчение,120,45,"80–120°C","Куриные части — 2 кг; Соль — 3 ст.л.; Сахар — 1 ст.л.; Чёрный перец горошком — 1 ч.л.; Лавровый лист — 3 шт.; Чеснок — 4 зубчика; Древесная щепа (вишня, яблоня) — 200 г","1. Промойте курицу, обсушите бумажным полотенцем. 2. Приготовьте рассол: в 1 л воды растворите соль, сахар, добавьте раздавленный чеснок, перец и лаврушку. 3. Замаринуйте курицу на 2–4 часа в холодильнике. 4. Достаньте, слегка обсушите. 5. Подвесьте или уложите на решётку коптильни. 6. Коптите при 80–120°C 40–50 минут до золотистой корочки.","4–6 порций",photos/chicken_smoked.jpg
"Свиная грудинка горячего копчения",Горячее копчение,1440,90,"90–110°C","Свиная грудинка на рёбрышках — 1.5 кг; Соль — 4 ст.л.; Сахар — 2 ст.л.; Чеснок — 6 зубчиков; Чёрный перец — 1 ст.л.; Паприка — 1 ч.л.; Кориандр молотый — 1 ч.л.; Древесная щепа (граб, дуб, яблоня) — 300 г","1. Натрите грудинку смесью соли, сахара, перца, паприки и кориандра. Вложите раздавленный чеснок под кожу или в надрезы. 2. Упакуйте в вакуум или пищевую плёнку и выдержите в холодильнике 24 часа. 3. Достаньте, промокните, дайте постоять при комнатной температуре 30 мин. 4. Коптите при 90–110°C около 1.5 часов до внутренней температуры 68–70°C.","6–8 порций",photos/pork_belly_smoked.jpg
Горбуша горячего копчения,Горячее копчение,720,50,70-80 С,"Горбуша свежая или охлаждённая — 1 шт. (лучше не крупнее 2 кг для равномерного просаливания) 

Соль крупная нейодированная — 100–150 г
Сахар — 30–50 г (обязательно! сахар смягчает сухость горбуши)
Чёрный перец горошком — 10–15 шт.
Лавровый лист — 2–3 шт.
Щепа ольховая или яблоневая — 1,5–2 горсти (влажная)","Этап 1: Подготовка рыбы
Разморозьте рыбу в холодильнике (если замороженная) — не при комнатной температуре.

Очистите от внутренностей, удалите жабры. Чешую можно оставить — она защитит мясо от пересушивания при копчении. 
Промойте тушку внутри и снаружи холодной водой, обсушите бумажными полотенцами.
Этап 2: Засолка (2 способа на выбор)
Способ А — Сухой посол (быстрее, для тушек до 1,5 кг):
Смешайте соль и сахар в пропорции 3:1 (например, 120 г соли + 40 г сахара).

Натрите смесью тушку со всех сторон, особенно тщательно — внутри брюшка.
Положите в глубокую посуду, сверху накройте гнётом (тарелка + банка с водой).
Выдержите в холодильнике 4–6 часов (для тушки 1–1,5 кг) или 8–10 часов (для тушки 1,8–2 кг).

Способ Б — Мокрый посол (тузлук, для более равномерного просаливания):
В 1 л воды растворите 100 г соли и 25 г сахара, добавьте перец и лавровый лист.

Доведите до кипения, остудите до комнатной температуры.
Залейте рыбу рассолом так, чтобы она была полностью покрыта.
Выдержите в холодильнике 6–8 часов.

Этап 3: Подвяливание (обязательный этап!)
Достаньте рыбу из рассола, промокните полотенцем.
Подвесьте за хвост в прохладном месте (балкон, кладовка) на 1–3 часа до образования липкой «корочки» (глазури).

⚠️ Без этого этапа рыба будет вариться в собственном соку, а не коптиться!
Этап 4: Копчение
На дно коптильни насыпьте увлажнённую щепу (сбрызните водой — не должна гореть, а тлеть с дымом). 
Установите поддон для жира, сверху — решётку.
Разместите горбушу брюшком вверх, не допуская соприкосновения кусков друг с другом.
Закройте крышку и коптите:
Первые 10 минут — умеренный огонь для прогрева до 50–60°С
Основное копчение — 30–50 минут при температуре 70–80°С

Для тушки до 1 кг — 30–40 мин, для 1,5–2 кг — 45–60 мин
Этап 5: Дозревание
Выньте рыбу, остудите при комнатной температуре 1 час.
Оберните пергаментом или марлей и уберите в холодильник на 12–24 часа — вкус станет более насыщенным, мясо «отдохнёт».",4-6 порции,photos/fish_smoked.jpg
